FASTQFILENAME,LIBRARY_SIZE,EFFECTIVE_LIBRARY_SIZE,EFFECTIVE_UNIQUE_ALIGNMENT,EFFECTIVE_UNIQUE_ALIGNMENT_PERCENT,MULTI_MAP_PERCENT,PROTEIN_CODING_TOTAL,PROTEIN_CODING_TOTAL_PERCENT,PROTEIN_CODING_COUNTED,PROTEIN_CODING_COUNTED_PERCENT,AMBIGUOUS_FEATURE_PERCENT,NO_FEATURE_PERCENT,INTERGENIC_COVERAGE,NOT_ALIGNED_TOTAL_PERCENT,GENOTYPE_1_COVERAGE,GENOTYPE_2_COVERAGE,NAT_COVERAGE,G418_COVERAGE,OVEREXPRESSION_FOW,NO_MAP_PERCENT,HOMOPOLY_FILTER_PERCENT,READ_LENGTH_FILTER_PERCENT,TOO_LOW_AQUAL_PERCENT,rRNA_PERCENT,nctrRNA_PERCENT,STATUS,AUTO_AUDIT,STATUS_DECOMP,NAT_LOG2CPM,G418_LOG2CPM,HARVESTDATE,HARVESTER,BIOSAMPLENUMBER,EXPERIMENTDESIGN,STRAIN,GENOTYPE,TREATMENT,TIMEPOINT,REPLICATE,MARKER_1,MARKER_2,EXPERIMENTOBSERVATIONS,FLOODMEDIA,INDUCTIONDELAY,RNADATE,RNAPREPARER,RNASAMPLENUMBER,RNAPREPMETHOD,ROBOTICRNAPREP,RIBOSOMAL_BAND,RIBOSOMAL_BAND_SHAPE,SMALL_RNA_BANDS,RIN,S1CDNADATE,S1CDNAPREPARER,S1CDNASAMPLENUMBER,POLYAISOLATIONPROTOCOL,S1CDNAPROTOCOL,ROBOTICS1PREP,S1PRIMERSEQ,S2CDNADATE,S2CDNAPREPARER,S2CDNASAMPLENUMBER,S2CDNAPROTOCOL,ROBOTICS2PREP,POOLEDSECONDSTRAND,LIBRARYDATE,LIBRARYPREPARER,LIBRARYSAMPLENUMBER,INDEX1NAME,INDEX1SEQUENCE,INDEX2NAME,INDEX2SEQUENCE,LIBRARYPROTOCOL,ROBOTICLIBRARYPREP,RUNNUMBER,PURPOSE,MANUAL_AUDIT_20200520,FAIL_REASON_20200520,MANUAL_AUDIT_20207230,FAIL_REASON_20200723,NOTES,LANENUMBER,SEQUENCERMODEL,FLOWCELLTYPE,TAPESTATIONCONC,VOLUMEPOOLED,READSOBTAINED
run_1028_s_4_withindex_sequence_TGAGGTT,14382394,5214934,4904013,0.3409733456057455,0.1985784146922967,4955553,1.010509760067928,4771169,0.9729111647950364,0.038517434598970265,0.013891888133249241,0.11954327622447344,0.0185193786236144,NA,NA,0,0,NA,0.018421203034765986,1.1472359886678114e-5,8.670322896174309e-5,2.546893737842864e-4,0.6248584901790342,0.6374084870710676,0,0,None,NA,NA,08.30.13,S.GISH,1,Timecourse,TDY451,CNAG_00000,30C,0,1,NA,NA,NA,NA,NA,08.30.13,S.GISH,1,TRIzol,0,NA,NA,NA,NA,08.30.13,S.GISH,1,NA,SuperScriptIII,NA,NA,08.30.13,S.GISH,1,SuperScriptIII,NA,NA,09.30.13,S.GISH,1,NA,TGAGGTT,NA,NA,SolexaPrep,NA,1028,fullRNASEQ,NA,NA,NA,NA,NA,NA,NA,NA,NA,NA,NA
run_1028_s_4_withindex_sequence_ATGACAG,13649136,4844745,4558173,0.3339532260503522,0.19876972432540785,4599721,1.0091150555277302,4420341,0.9697615689443996,0.04045019791921017,0.016045463829477292,0.12241016060436667,0.017723612688744547,NA,NA,0,0,NA,0.01762704980007526,1.1868883129305767e-5,8.469400553998436e-5,2.7094188833991163e-4,0.6321153954360188,0.6450511592821699,0,0,None,NA,NA,08.30.13,S.GISH,3,Timecourse,TDY451,CNAG_00000,30C,0,3,NA,NA,NA,NA,NA,08.30.13,S.GISH,3,TRIzol,0,NA,NA,NA,NA,08.30.13,S.GISH,3,NA,SuperScriptIII,NA,NA,08.30.13,S.GISH,3,SuperScriptIII,NA,NA,09.30.13,S.GISH,3,NA,ATGACAG,NA,NA,SolexaPrep,NA,1028,fullRNASEQ,NA,NA,NA,NA,NA,NA,NA,NA,NA,NA,NA
run_1028_s_4_withindex_sequence_GAGGCGT,12690700,3643584,3363269,0.265018399300275,0.1459455349192716,3429824,1.0197887828776109,3285590,0.9769037207550154,0.04467409535187343,0.04085846240666447,0.1885103152265231,0.015304356733671113,NA,NA,0,0,NA,0.015161259820183284,2.1117826439833893e-5,1.2197908704799576e-4,2.664074743947035e-4,0.6822911265730023,0.7128933786158368,0,0,None,NA,NA,08.30.13,S.GISH,13,Timecourse,TDY451,CNAG_00000,37C.CO2,1440,1,NA,NA,NA,NA,NA,08.30.13,S.GISH,13,TRIzol,0,NA,NA,NA,NA,08.30.13,S.GISH,13,NA,SuperScriptIII,NA,NA,08.30.13,S.GISH,13,SuperScriptIII,NA,NA,09.30.13,S.GISH,13,NA,GAGGCGT,NA,NA,SolexaPrep,NA,1028,fullRNASEQ,NA,NA,NA,NA,NA,NA,NA,NA,NA,NA,NA
run_1028_s_4_withindex_sequence_TTTAACT,12713502,3935805,3624501,0.285090685477534,0.13764374284913786,3695151,1.019492338393616,3543956,0.9777776306310856,0.04341949415933393,0.039967984558426116,0.19573841069344605,0.017154518086362043,NA,NA,0,0,NA,0.01665544237929093,3.6488766037870603e-4,1.3418804669240622e-4,2.604496453442833e-4,0.6581170947233893,0.6904232209189883,0,0,None,NA,NA,08.30.13,S.GISH,14,Timecourse,TDY451,CNAG_00000,37C.CO2,1440,2,NA,NA,NA,NA,NA,08.30.13,S.GISH,14,TRIzol,0,NA,NA,NA,NA,08.30.13,S.GISH,14,NA,SuperScriptIII,NA,NA,08.30.13,S.GISH,14,SuperScriptIII,NA,NA,09.30.13,S.GISH,14,NA,TTTAACT,NA,NA,SolexaPrep,NA,1028,fullRNASEQ,NA,NA,NA,NA,NA,NA,NA,NA,NA,NA,NA
run_1028_s_4_withindex_sequence_TACTCTA,13561941,4390872,4090234,0.3015965045121491,0.2111239091808466,4088540,0.999585842765964,3925337,0.9596851916051746,0.0414770890858567,0.0255225006686659,0.2092163631430468,0.018102423539521368,NA,NA,0,0,NA,0.01802256771357433,7.1523685289590925e-6,7.270345741807903e-5,3.3690004043778426e-4,0.6628987694313078,0.6762357246650756,0,0,None,NA,NA,08.30.13,S.GISH,6,Timecourse,TDY451,CNAG_00000,37C.CO2,90,3,NA,NA,NA,NA,NA,08.30.13,S.GISH,6,TRIzol,0,NA,NA,NA,NA,08.30.13,S.GISH,6,NA,SuperScriptIII,NA,NA,08.30.13,S.GISH,6,SuperScriptIII,NA,NA,09.30.13,S.GISH,6,NA,TACTCTA,NA,NA,SolexaPrep,NA,1028,fullRNASEQ,NA,NA,NA,NA,NA,NA,NA,NA,NA,NA,NA
run_1028_s_4_withindex_sequence_CACCTCC,14083750,5876268,5334800,0.37879116002485136,0.14212429218070471,5376735,1.0078606508210242,5184647,0.9718540526355252,0.03688348204243833,0.014557621654045137,0.1690554645692972,0.03296941510606195,NA,NA,0,0,NA,0.032734605485044824,1.1509718647377295e-4,1.1971243454335671e-4,2.498687860838269e-4,0.5647162154965829,0.5827625454868199,0,0,None,NA,NA,08.30.13,S.GISH,4,Timecourse,TDY451,CNAG_00000,37C.CO2,90,1,NA,NA,NA,NA,NA,08.30.13,S.GISH,4,TRIzol,0,NA,NA,NA,NA,08.30.13,S.GISH,4,NA,SuperScriptIII,NA,NA,08.30.13,S.GISH,4,SuperScriptIII,NA,NA,09.30.13,S.GISH,4,NA,CACCTCC,NA,NA,SolexaPrep,NA,1028,fullRNASEQ,NA,NA,NA,NA,NA,NA,NA,NA,NA,NA,NA
run_1028_s_4_withindex_sequence_GCTTAGA,14433326,5050777,4741381,0.3285023147124925,0.1986492926162688,4770162,1.0060701723822658,4589156,0.9678943750776408,0.039252276921006767,0.01742656833525929,0.12261896589486347,0.018138230924736255,NA,NA,0,0,NA,0.01804164888952137,9.006932982737313e-6,8.757510223215357e-5,2.6553445082772297e-4,0.6379829569428419,0.6500614619249923,0,0,None,NA,NA,08.30.13,S.GISH,2,Timecourse,TDY451,CNAG_00000,30C,0,2,NA,NA,NA,NA,NA,08.30.13,S.GISH,2,TRIzol,0,NA,NA,NA,NA,08.30.13,S.GISH,2,NA,SuperScriptIII,NA,NA,08.30.13,S.GISH,2,SuperScriptIII,NA,NA,09.30.13,S.GISH,2,NA,GCTTAGA,NA,NA,SolexaPrep,NA,1028,fullRNASEQ,NA,NA,NA,NA,NA,NA,NA,NA,NA,NA,NA
run_1028_s_4_withindex_sequence_GGTCCTC,4028428,1510312,1279836,0.3177010982944216,0.11383224424018501,1298928,1.0149175363093397,1241492,0.9700399113636434,0.04658018683643842,0.04510109107729428,0.1175953802953185,0.049215475614805576,NA,NA,0,0,NA,0.04797628255984717,0.0010458173759094118,1.933756790489988e-4,2.48469335133564e-4,0.5931271453778,0.6250865101722062,0,0,None,NA,NA,08.30.13,S.GISH,15,Timecourse,TDY451,CNAG_00000,37C.CO2,1440,3,NA,NA,NA,NA,NA,08.30.13,S.GISH,15,TRIzol,0,NA,NA,NA,NA,08.30.13,S.GISH,15,NA,SuperScriptIII,NA,NA,08.30.13,S.GISH,15,SuperScriptIII,NA,NA,09.30.13,S.GISH,15,NA,GGTCCTC,NA,NA,SolexaPrep,NA,1028,fullRNASEQ,NA,NA,NA,NA,NA,NA,NA,NA,NA,NA,NA
run_1028_s_4_withindex_sequence_ATCGAGC,14772461,5852324,5465550,0.3699823610974502,0.1713779444061487,5505578,1.0073236911198324,5307985,0.9711712453458481,0.037187840199065056,0.016945229665815884,0.20016050629766569,0.021006114011741173,NA,NA,0,0,NA,0.0208947581584409,7.513981590474329e-6,1.038418717097984e-4,3.0792875373933083e-4,0.5881596167354918,0.6038355423649452,0,0,None,NA,NA,08.30.13,S.GISH,5,Timecourse,TDY451,CNAG_00000,37C.CO2,90,2,NA,NA,NA,NA,NA,08.30.13,S.GISH,5,TRIzol,0,NA,NA,NA,NA,08.30.13,S.GISH,5,NA,SuperScriptIII,NA,NA,08.30.13,S.GISH,5,SuperScriptIII,NA,NA,09.30.13,S.GISH,5,NA,ATCGAGC,NA,NA,SolexaPrep,NA,1028,fullRNASEQ,NA,NA,NA,NA,NA,NA,NA,NA,NA,NA,NA
run_1045_s_7_withindex_sequence_TAACAAG,5722590,2479891,2353282,0.4112267347477279,0.15956848210338326,2383250,1.0127345553996503,2290525,0.9733321378398341,0.04008061932229117,0.011739774493664592,0.08155583232812587,0.018429242703041804,NA,NA,0,0.10566037735849056,NA,0.018373498712995345,2.865835224959328e-5,2.7085637796871688e-5,2.5326331480884993e-4,0.5528673205663869,0.5666488425695358,0,0,None,NA,NA,09.13.13,S.GISH,12,90minuteInduction,TDY451,CNAG_00000,30C,0,3,NA,NA,NA,NA,NA,09.13.13,S.GISH,12,TRIzol,0,NA,NA,NA,NA,09.13.13,S.GISH,12,NA,SuperScriptIII,NA,NA,09.13.13,S.GISH,12,SuperScriptIII,NA,NA,10.08.13,S.GISH,12,NA,TAACAAG,NA,NA,SolexaPrep,NA,1045,fullRNASEQ,NA,NA,NA,NA,NA,NA,NA,NA,NA,NA,NA
run_1045_s_7_withindex_sequence_ATGACAG,5124680,2259901,2139833,0.4175544619371356,0.14108568730145102,2163024,1.0108377616384083,2075984,0.9701616901879726,0.04151632393742876,0.01369592860751283,0.11274831893353207,0.01806746957858832,NA,NA,0,0,NA,0.017989025656236095,4.702732658429404e-5,3.141659576793088e-5,2.5469277275376164e-4,0.5425091908177682,0.5590161727171258,0,0,None,NA,NA,09.13.13,S.GISH,3,90minuteInduction,TDY451,CNAG_00000,37C.CO2,90,3,NA,NA,NA,NA,NA,09.13.13,S.GISH,3,TRIzol,0,NA,NA,NA,NA,09.13.13,S.GISH,3,NA,SuperScriptIII,NA,NA,09.13.13,S.GISH,3,SuperScriptIII,NA,NA,10.08.13,S.GISH,3,NA,ATGACAG,NA,NA,SolexaPrep,NA,1045,fullRNASEQ,NA,NA,NA,NA,NA,NA,NA,NA,NA,NA,NA
run_1045_s_7_withindex_sequence_CCATCAT,5486467,2423459,2299044,0.4190390646658405,0.14651906226721131,2329531,1.0132607292422415,2238929,0.9738521750779888,0.04008970685206547,0.011542623803633162,0.08165430997002357,0.01871185956281155,NA,NA,0.047854785478547865,0.06289308176100629,NA,0.01864095783315565,3.645333144262054e-5,3.444839821327641e-5,2.653276753293978e-4,0.543446265146587,0.5582842291769913,0,0,None,NA,NA,09.13.13,S.GISH,11,90minuteInduction,TDY451,CNAG_00000,30C,0,2,NA,NA,NA,NA,NA,09.13.13,S.GISH,11,TRIzol,0,NA,NA,NA,NA,09.13.13,S.GISH,11,NA,SuperScriptIII,NA,NA,09.13.13,S.GISH,11,SuperScriptIII,NA,NA,10.08.13,S.GISH,11,NA,CCATCAT,NA,NA,SolexaPrep,NA,1045,fullRNASEQ,NA,NA,NA,NA,NA,NA,NA,NA,NA,NA,NA
run_1045_s_7_withindex_sequence_TGAGGTT,5678971,2300564,2174795,0.3829558206935728,0.16798694693105493,2203257,1.0130872105186923,2111805,0.9710363505525808,0.043088199117617985,0.013258261123462213,0.1209170597599924,0.017722048589436358,NA,NA,0.052805280528052806,0.2276729559748428,NA,0.017693698383034532,7.74788249490973e-6,2.0602323906919044e-5,2.758880722091048e-4,0.5797738710058565,0.5948977376359204,0,0,None,NA,NA,09.13.13,S.GISH,1,90minuteInduction,TDY451,CNAG_00000,37C.CO2,90,1,NA,NA,NA,NA,NA,09.13.13,S.GISH,1,TRIzol,0,NA,NA,NA,NA,09.13.13,S.GISH,1,NA,SuperScriptIII,NA,NA,09.13.13,S.GISH,1,SuperScriptIII,NA,NA,10.08.13,S.GISH,1,NA,TGAGGTT,NA,NA,SolexaPrep,NA,1045,fullRNASEQ,NA,NA,NA,NA,NA,NA,NA,NA,NA,NA,NA
run_1045_s_7_withindex_sequence_GCTTAGA,5143346,2320243,2198251,0.4273970679787049,0.13793530514960495,2226605,1.0128984360748614,2137773,0.9724881280618092,0.04126280392912365,0.012294774345604756,0.1118403632476537,0.01837753089136916,NA,NA,0,0.06289308176100629,NA,0.018320175232232092,2.3719967507533034e-5,3.3635691629534554e-5,2.456498370750201e-4,0.5321218910802423,0.5488845199214675,0,0,None,NA,NA,09.13.13,S.GISH,2,90minuteInduction,TDY451,CNAG_00000,37C.CO2,90,2,NA,NA,NA,NA,NA,09.13.13,S.GISH,2,TRIzol,0,NA,NA,NA,NA,09.13.13,S.GISH,2,NA,SuperScriptIII,NA,NA,09.13.13,S.GISH,2,SuperScriptIII,NA,NA,10.08.13,S.GISH,2,NA,GCTTAGA,NA,NA,SolexaPrep,NA,1045,fullRNASEQ,NA,NA,NA,NA,NA,NA,NA,NA,NA,NA,NA
run_1045_s_7_withindex_sequence_GGCAGCG,4769280,1752854,1656412,0.34730860842726785,0.16223958333333333,1680923,1.0147976469622293,1615957,0.9755767284950846,0.03988138216820453,0.010433394590234795,0.06604417355601537,0.016939454173376275,NA,NA,0.07425742574257425,0,NA,0.01686774523617821,4.549953032742888e-5,2.620940687063876e-5,3.030646964644062e-4,0.6193771386876007,0.6324698906333871,0,0,None,NA,NA,09.13.13,S.GISH,10,90minuteInduction,TDY451,CNAG_00000,30C,0,1,NA,NA,NA,NA,NA,09.13.13,S.GISH,10,TRIzol,0,NA,NA,NA,NA,09.13.13,S.GISH,10,NA,SuperScriptIII,NA,NA,09.13.13,S.GISH,10,SuperScriptIII,NA,NA,10.08.13,S.GISH,10,NA,GGCAGCG,NA,NA,SolexaPrep,NA,1045,fullRNASEQ,NA,NA,NA,NA,NA,NA,NA,NA,NA,NA,NA
run_1272_s_3_withindex_sequence_TGAGGTT,5087278,1775595,1668723,0.3280188344336598,0.1775153628325403,1688421,1.011804235933705,1623539,0.9729230075932316,0.03968184054513541,0.01300934906512345,0.09419652051113574,0.016270783707908236,NA,NA,0,0,NA,0.016241691529340446,5.307356900880982e-6,2.3784821666911066e-5,5.309449201575096e-4,0.6372099185458314,0.6509734675400086,0,0,None,NA,NA,06.18.14,S.GISH,1,24hourInduction,TDY451,CNAG_00000,37C.CO2,90,1,NA,NA,NA,NA,NA,06.18.14,S.GISH,1,TRIzol,0,NA,NA,NA,NA,06.18.14,S.GISH,1,NA,SuperScriptIII,NA,NA,06.18.14,S.GISH,1,SuperScriptIII,NA,NA,07.14.14,S.GISH,1,NA,TGAGGTT,NA,NA,SolexaPrep,NA,1272,fullRNASEQ,NA,NA,NA,NA,NA,NA,NA,NA,NA,NA,NA
run_1272_s_3_withindex_sequence_GGTCCTC,5474390,1513857,1421781,0.2597149636763183,0.19326518571018872,1438867,1.0120173219363602,1377501,0.9688559630491616,0.04409610200164442,0.014736446752347938,0.09154375349370887,0.013183386642164698,NA,NA,0,0,NA,0.013154707647792722,1.66228566105082e-5,1.2056137761467487e-5,6.407456563282249e-4,0.7111961332678162,0.7234656281339108,0,0,None,NA,NA,06.25.14,S.GISH,15,90minuteInduction,TDY451,CNAG_00000,37C.CO2,90,3,NA,NA,NA,NA,NA,06.25.14,S.GISH,15,TRIzol,0,NA,NA,NA,NA,06.25.14,S.GISH,15,NA,SuperScriptIII,NA,NA,06.25.14,S.GISH,15,SuperScriptIII,NA,NA,07.15.14,S.GISH,15,NA,GGTCCTC,NA,NA,SolexaPrep,NA,1272,fullRNASEQ,NA,NA,NA,NA,NA,NA,NA,NA,NA,NA,NA
run_1272_s_3_withindex_sequence_CGGTGGC,5611563,1406921,1318291,0.2349240309696247,0.21136464118820367,1332107,1.0104802353956752,1277342,0.9689378141851837,0.04255433739591638,0.016545664045343553,0.0917112880712112,0.012263784617583371,NA,NA,0,0.06289308176100629,NA,0.012248459119143813,3.385865934321685e-6,1.1939632505239628e-5,5.749868579850733e-4,0.7375640262793094,0.7492817954641158,0,0,None,NA,NA,06.25.14,S.GISH,16,90minuteInduction,TDY451,CNAG_00000,37C.CO2,90,4,NA,NA,NA,NA,NA,06.25.14,S.GISH,16,TRIzol,0,NA,NA,NA,NA,06.25.14,S.GISH,16,NA,SuperScriptIII,NA,NA,06.25.14,S.GISH,16,SuperScriptIII,NA,NA,07.15.14,S.GISH,16,NA,CGGTGGC,NA,NA,SolexaPrep,NA,1272,fullRNASEQ,NA,NA,NA,NA,NA,NA,NA,NA,NA,NA,NA
run_1272_s_3_withindex_sequence_GCTTAGA,4653681,2012403,1889679,0.4060611374092896,0.16219848330815972,1907922,1.0096540206034994,1836569,0.971894697459198,0.03837847592104268,0.01172209671589725,0.08527183098131133,0.02007314209977005,NA,NA,0.29042904290429045,0,NA,0.019988263054558315,3.932370955379193e-5,4.555533565794475e-5,6.191527767414465e-4,0.5517677296746382,0.5675674804525708,0,0,None,NA,NA,06.18.14,S.GISH,2,24hourInduction,TDY451,CNAG_00000,37C.CO2,90,2,NA,NA,NA,NA,NA,06.18.14,S.GISH,2,TRIzol,0,NA,NA,NA,NA,06.18.14,S.GISH,2,NA,SuperScriptIII,NA,NA,06.18.14,S.GISH,2,SuperScriptIII,NA,NA,07.14.14,S.GISH,2,NA,GCTTAGA,NA,NA,SolexaPrep,NA,1272,fullRNASEQ,NA,NA,NA,NA,NA,NA,NA,NA,NA,NA,NA
run_1337_s_1_withindex_sequence_GCTTAGA,4834281,1419685,1295630,0.2680088310960823,0.1934082855340846,1265132,0.9764608723169425,1205704,0.9305928390049628,0.04754598149162957,0.04855398531988299,0.10742521419908664,0.0189591792450625,NA,NA,0,0,NA,0.016115116187908812,3.888892681248773e-5,0.0028051741303412032,2.2923211101934967e-4,0.683996234393491,0.7063296486075179,0,0,None,NA,NA,09.15.14,S.GISH,2,90minuteInduction,TDY451,CNAG_00000,37C.CO2,90,2,NA,NA,NA,NA,NA,09.15.14,S.GISH,2,TRIzol,0,NA,NA,NA,NA,09.15.14,S.GISH,2,NA,SuperScriptIII,NA,NA,09.15.14,S.GISH,2,SuperScriptIII,NA,NA,09.22.14,S.GISH,2,NA,GCTTAGA,NA,NA,SolexaPrep,NA,1337,fullRNASEQ,NA,NA,NA,NA,NA,NA,NA,NA,NA,NA,NA
run_1344_s_8_withindex_sequence_GCTTAGA,6999971,2140881,1932721,0.2761041438600246,0.17833773882777515,1871420,0.968282540521886,1779147,0.92054000551554,0.04964089488343118,0.05620055869419332,0.14213061486007186,0.02220509199252397,NA,NA,0.2079207920792079,0,NA,0.013406484112577038,3.8428730633312625e-5,0.008760179149313619,2.742247846429981e-4,0.6673600504916377,0.6941585900855874,0,0,None,NA,NA,09.16.14,S.GISH,2,90minuteInduction,TDY451,CNAG_00000,37C.CO2,90,2,NA,NA,NA,NA,NA,09.16.14,S.GISH,2,TRIzol,0,NA,NA,NA,NA,09.16.14,S.GISH,2,NA,SuperScriptIII,NA,NA,09.16.14,S.GISH,2,SuperScriptIII,NA,NA,09.23.14,S.GISH,2,NA,GCTTAGA,NA,NA,SolexaPrep,NA,1344,fullRNASEQ,NA,NA,NA,NA,NA,NA,NA,NA,NA,NA,NA
run_1344_s_8_withindex_sequence_TGAGGTT,9216242,1545486,1386692,0.15046176087824084,0.2290155792350071,1337816,0.9647535285413056,1276512,0.9205447208176004,0.04604266845124945,0.06255678982787814,0.11805058400101992,0.013092429647572188,NA,NA,0.10891089108910892,0,NA,0.007614708901958088,7.703790764174812e-5,0.005400682837972353,3.923005252788652e-4,0.8195739651801678,0.8323084398174441,0,0,None,NA,NA,09.16.14,S.GISH,1,90minuteInduction,TDY451,CNAG_00000,37C.CO2,90,1,NA,NA,NA,NA,NA,09.16.14,S.GISH,1,TRIzol,0,NA,NA,NA,NA,09.16.14,S.GISH,1,NA,SuperScriptIII,NA,NA,09.16.14,S.GISH,1,SuperScriptIII,NA,NA,09.23.14,S.GISH,1,NA,TGAGGTT,NA,NA,SolexaPrep,NA,1344,fullRNASEQ,NA,NA,NA,NA,NA,NA,NA,NA,NA,NA,NA
1658_Brent_Crypto_TimeCourse2016_13_GAGGCGT_S12_R1_001,14439171,13492880,13116709,0.9084115009095745,0.035336516203042415,12989871,0.9903300439157412,12989753,0.99032104775672,6.16999279316176e-4,0.04586249492917774,0.3537913483509694,0.01244018787505183,NA,NA,0.2524752475247525,0.12075471698113208,NA,0.011399684926509978,0.0010405029485418518,0,0.004964888677487623,0.04943400143955634,0.06553638017030203,0,0,None,NA,NA,06.28.16,S.GISH,12,Timecourse,TDY451,CNAG_00000,37C.CO2,90,1,NA,NA,NA,NA,NA,06.28.16,S.GISH,12,TRIzol,0,NA,NA,NA,NA,06.28.16,S.GISH,12,NA,E7420L,NA,NA,06.28.16,S.GISH,12,E7420L,NA,NA,07.11.16,S.GISH,12,NA,GAGGCGT,NA,NA,E7420L,NA,1658,fullRNASEQ,NA,NA,NA,NA,NA,NA,NA,NA,NA,NA,NA
1658_Brent_Crypto_TimeCourse2016_25_CGTCGCT_S24_R1_001,13308893,12555181,12116757,0.9104256078999208,0.03061291423711949,11884578,0.980838189624501,11884084,0.980797419639595,0.002323724078975917,0.05276370566810905,0.3983853752937984,0.012679491825503444,NA,NA,0,0.9773584905660376,NA,0.009678490915810956,0.003001000909692489,0,0.0061694725742209725,0.03382219693253225,0.056632208253533926,0,0,None,NA,NA,06.28.16,S.GISH,24,Timecourse,TDY451,CNAG_00000,37C.CO2,1440,1,NA,NA,NA,NA,NA,06.28.16,S.GISH,24,TRIzol,0,NA,NA,NA,NA,06.28.16,S.GISH,24,NA,E7420L,NA,NA,06.28.16,S.GISH,24,E7420L,NA,NA,07.11.16,S.GISH,24,NA,CGTCGCT,NA,NA,E7420L,NA,1658,fullRNASEQ,NA,NA,NA,NA,NA,NA,NA,NA,NA,NA,NA
1658_Brent_Crypto_TimeCourse2016_3_ATGACAG_S3_R1_001,11095330,10625744,10358350,0.9335774600665324,0.02033296891575104,10376146,1.0017180342429055,10376087,1.0017123383550468,4.13289761400223e-4,0.02605820425067699,0.19858976747835128,0.011898068827155208,NA,NA,0.12376237623762375,0,NA,0.010579946698295593,0.0013181221288596193,0,0.005762211162974797,0.027890653094590247,0.04232285114548194,0,0,None,NA,NA,06.28.16,S.GISH,3,Timecourse,TDY451,CNAG_00000,37C.CO2,0,3,NA,NA,NA,NA,NA,06.28.16,S.GISH,3,TRIzol,0,NA,NA,NA,NA,06.28.16,S.GISH,3,NA,E7420L,NA,NA,06.28.16,S.GISH,3,E7420L,NA,NA,07.11.16,S.GISH,3,NA,ATGACAG,NA,NA,E7420L,NA,1658,fullRNASEQ,NA,NA,NA,NA,NA,NA,NA,NA,NA,NA,NA
1658_Brent_Crypto_TimeCourse2016_2_GCTTAGA_S2_R1_001,16018605,15389374,14926150,0.9318008653063108,0.01862296997772278,14913917,0.9991804316585322,14913835,0.99917493794448,5.7878287435139e-4,0.02762989786381619,0.2415100831298401,0.014182570829357487,NA,NA,0.3283828382838284,0.18867924528301888,NA,0.010867425721528186,0.003315145107829302,0,0.00758239733621865,0.02450494284614672,0.039281260758973716,0,0,None,NA,NA,06.28.16,S.GISH,2,Timecourse,TDY451,CNAG_00000,37C.CO2,0,2,NA,NA,NA,NA,NA,06.28.16,S.GISH,2,TRIzol,0,NA,NA,NA,NA,06.28.16,S.GISH,2,NA,E7420L,NA,NA,06.28.16,S.GISH,2,E7420L,NA,NA,07.11.16,S.GISH,2,NA,GCTTAGA,NA,NA,E7420L,NA,1658,fullRNASEQ,NA,NA,NA,NA,NA,NA,NA,NA,NA,NA,NA
1658_Brent_Crypto_TimeCourse2016_14_TTTAACT_S13_R1_001,37516785,35722726,34750282,0.9262595928728968,0.025578684314234282,34730421,0.9994284650697224,34730163,0.9994210406695404,4.7093143013918567e-4,0.029547040798114963,0.4248423540487795,0.01258226151308008,NA,NA,0.12376237623762375,0.18867924528301888,NA,0.011416649907501405,0.0011656116055786766,0,0.00540292018349664,0.03335850873149178,0.047820169025677435,0,0,None,NA,NA,06.28.16,S.GISH,13,Timecourse,TDY451,CNAG_00000,37C.CO2,90,2,NA,NA,NA,NA,NA,06.28.16,S.GISH,13,TRIzol,0,NA,NA,NA,NA,06.28.16,S.GISH,13,NA,E7420L,NA,NA,06.28.16,S.GISH,13,E7420L,NA,NA,07.11.16,S.GISH,13,NA,TTTAACT,NA,NA,E7420L,NA,1658,fullRNASEQ,NA,NA,NA,NA,NA,NA,NA,NA,NA,NA,NA
1658_Brent_Crypto_TimeCourse2016_1_TGAGGTT_S1_R1_001,13835727,13290911,12938215,0.9351308391673242,0.01923802052468945,12963625,1.0019639494319734,12963568,1.001959543878348,4.305076086616276e-4,0.02432963125129704,0.20349199266443724,0.012581268768890857,NA,NA,0.1188118811881188,0,NA,0.010292556365126314,0.002288712403764544,0,0.006280078047860543,0.02529856219337083,0.03937747543009488,0,0,None,NA,NA,06.28.16,S.GISH,1,Timecourse,TDY451,CNAG_00000,37C.CO2,0,1,NA,NA,NA,NA,NA,06.28.16,S.GISH,1,TRIzol,0,NA,NA,NA,NA,06.28.16,S.GISH,1,NA,E7420L,NA,NA,06.28.16,S.GISH,1,E7420L,NA,NA,07.11.16,S.GISH,1,NA,TGAGGTT,NA,NA,E7420L,NA,1658,fullRNASEQ,NA,NA,NA,NA,NA,NA,NA,NA,NA,NA,NA
1658_Brent_Crypto_TimeCourse2016_15_GGTCCTC_S14_R1_001,13813312,13206338,12865316,0.9313708399549652,0.024419415126509848,12845468,0.9984572473773672,12845373,0.9984498631825288,4.904659939950173e-4,0.027863132160920102,0.3381840722834064,0.011117970838565002,NA,NA,0.12376237623762375,0.18867924528301888,NA,0.010186116117553849,9.318547210111519e-4,0,0.0055061220416194965,0.03043484430091784,0.04394123581658041,0,0,None,NA,NA,06.28.16,S.GISH,14,Timecourse,TDY451,CNAG_00000,37C.CO2,90,3,NA,NA,NA,NA,NA,06.28.16,S.GISH,14,TRIzol,0,NA,NA,NA,NA,06.28.16,S.GISH,14,NA,E7420L,NA,NA,06.28.16,S.GISH,14,E7420L,NA,NA,07.11.16,S.GISH,14,NA,GGTCCTC,NA,NA,E7420L,NA,1658,fullRNASEQ,NA,NA,NA,NA,NA,NA,NA,NA,NA,NA,NA
Brent_2b_2_GTAC_2_SIC_Index2_6_GCTTAGAATC_GACCTTGT_S29_R1_001,8640764,8221069,7950691,0.9201375017301711,0.024924416405771525,7389915,0.9294682688586439,7389792,0.9294527985051866,0.003070676498432652,0.09950481033661099,0.24551947160411497,0.011637396878331593,NA,NA,0,0,NA,0.010277679149667785,0.001359717728663808,0,0.0061568233503226325,0.030313523202346458,0.04857151520397965,0,0,None,-1.8135780770245904,-1.8135780770245904,05.23.19,H.BROWN,2,Environmental_Perturbation,TDY451,CNAG_00000,PBS,0,2,NA,NA,NA,NA,NA,06.10.19,H.BROWN,2,TRIzol,0,NA,NA,NA,NA,06.20.19,H.BROWN,2,E7490L,E7420L,False,random,06.20.19,H.BROWN,2,E7420L,FALSE,NA,06.20.19,H.BROWN,2,Index1_2,GCTTAGA,SIC_Index_06,AAGCAC,E7420L,False,3722,fullRNASeq,NA,NA,NA,NA,NA,NA,NextSeq,HighOutput,6.32,1.14820971916438,8640764
Brent_2b_1_GTAC_1_SIC_Index2_6_TGAGGTTATC_GACCTTGT_S28_R1_001,8649224,4383994,4254327,0.4918738374679624,0.18301005963078307,4010265,0.9426320543766382,4010200,0.942616775814365,0.002378989673337287,0.6890868990559494,0.18505011326971924,0.005989439052567028,NA,NA,0,0,NA,0.0058205221647629896,1.6891688780403883e-4,0,0.003969135423769729,0.483605696881015,0.4931344129831763,0,0,None,-1.8135780770245904,-1.8135780770245904,05.23.19,H.BROWN,1,Environmental_Perturbation,TDY451,CNAG_00000,PBS,0,2,NA,NA,NA,NA,NA,06.10.19,H.BROWN,1,TRIzol,0,NA,NA,NA,NA,06.20.19,H.BROWN,1,E7490L,E7420L,False,random,06.20.19,H.BROWN,1,E7420L,FALSE,NA,06.20.19,H.BROWN,1,Index1_1,TGAGGTT,SIC_Index_06,AAGCAC,E7420L,False,3722,fullRNASeq,NA,NA,NA,NA,NA,NA,NextSeq,HighOutput,12.4,1.02634582754897,8649224
Brent_2a_2_GTAC_2_SIC_Index2_10_GCTTAGAATC_GCTTCTGT_S3_R1_001,8535985,8247284,8050061,0.943073470724234,0.0245062520611271,8018668,0.9961002779978935,8018586,0.9960900917396776,1.5055786533791482e-4,0.02339311466087027,0.11918532429790753,0.007887666156864146,NA,NA,0,0,NA,0.007873022269837635,1.4643887026511879e-5,0,0.004526176882386357,0.024888867541355802,0.033821638627528045,0,0,None,-1.8135780770245904,-1.8135780770245904,05.20.19,H.BROWN,2,Environmental_Perturbation,TDY451,CNAG_00000,PBS,0,1,NA,NA,NA,NA,NA,06.05.19,H.BROWN,2,TRIzol,0,NA,NA,NA,NA,07.02.19,H.BROWN,2,E7490L,E7420L,False,random,07.02.19,H.BROWN,2,E7420L,FALSE,NA,07.02.19,H.BROWN,2,Index1_2,GCTTAGA,SIC_Index2_10,GCTTCTGT,E7420L,False,3722,fullRNASeq,NA,NA,NA,NA,NA,NA,NextSeq,HighOutput,8.61,0.811658640760437,8535985
Brent_2a_1_GTAC_1_SIC_Index2_10_TGAGGTTATC_GCTTCTGT_S2_R1_001,7833442,7535178,7346559,0.9378455856314504,0.02708694338963638,7331284,0.9979207953002215,7331188,0.9979077279580821,1.4142675502912315e-4,0.023649983618180975,0.11330404338573488,0.00874889990887786,NA,NA,0,0,NA,0.008731410789790745,1.748911908711394e-5,0,0.004370345354879747,0.02936065652876475,0.038075727119700385,0,0,None,-1.813578077024588,-1.813578077024588,05.20.19,H.BROWN,1,Environmental_Perturbation,TDY451,CNAG_00000,PBS,0,1,NA,NA,NA,NA,NA,06.05.19,H.BROWN,1,TRIzol,0,NA,NA,NA,NA,07.02.19,H.BROWN,1,E7490L,E7420L,False,random,07.02.19,H.BROWN,1,E7420L,FALSE,NA,07.02.19,H.BROWN,1,Index1_1,TGAGGTT,SIC_Index2_10,GCTTCTGT,E7420L,False,3722,fullRNASeq,NA,NA,NA,NA,NA,NA,NextSeq,HighOutput,5.77,1.00990038138507,7833442
Brent_2d-1_GTAC_41_SIC_Index2_7_TTGCCCC_GAGTTGGT_S28_R1_001,6628739,6279082,6153941,0.928372802127222,0.022633867467100454,6130892,0.9962545952260512,6130841,0.9962463078537802,9.627976608810515e-4,0.036639285297015364,0.1891461293791904,0.007745666257187075,NA,NA,0,0,NA,0.007687887545429078,5.777871175799802e-5,0,0.004589741760605115,0.03481536986144725,0.05274864495343685,0,0,None,NA,NA,06.06.19,H.BROWN,1,Environmental_Perturbation,TDY451,CNAG_00000,PBS,0,4,NA,NA,NA,NA,NA,06.12.19,H.BROWN,1,TRIzol,0,NA,NA,NA,NA,07.22.19,H.BROWN,1,E7490L,E7420L,0.0,random,07.22.19,H.BROWN,1,E7420L,FALSE,NA,07.22.19,H.BROWN,1,Index1_41,TTGCCCC,SIC_Index2_07,GAGTTG,E7420L,False,3906,fullRNASeq,NA,NA,NA,NA,NA,NA,NextSeq,HighOutput,156,0.87324960960961,6628739
Brent_2c-2_GTAC_42_SIC_Index2_6_ACTCCAA_GACCTTGT_S3_R1_001,5712602,5356495,5185577,0.9077434416050688,0.02507893950952648,5026232,0.9692715005485408,5026188,0.9692630154754236,9.634414839467236e-4,0.0671163498295368,0.2756041868934023,0.01466512107792561,NA,NA,0,0,NA,0.013503828903186323,0.0011612921747392868,0,0.006657311230746357,0.04117598250324458,0.06233709262434176,0,0,None,NA,NA,05.30.19,H.BROWN,2,Environmental_Perturbation,TDY451,CNAG_00000,PBS,0,3,NA,NA,NA,NA,NA,06.11.19,H.BROWN,2,TRIzol,0,NA,NA,NA,NA,08.09.19,H.BROWN,2,E7490L,E7420L,False,random,08.09.19,H.BROWN,2,E7420L,FALSE,NA,08.09.19,H.BROWN,2,Index1_42,ACTCCAA,SIC_Index2_06,GACCTTGT,E7420L,False,3906,fullRNASeq,NA,NA,NA,NA,NA,NA,NextSeq,MidOutput,98.3,1.26287224363498,5712602
Brent_2c-1_GTAC_41_SIC_Index2_6_TTGCCCC_GACCTTGT_S2_R1_001,7735765,7067856,6917608,0.8942370922591366,0.03716930387621651,6841617,0.989014844437557,6841539,0.989003568863688,7.544515387399806e-4,0.06601096795308438,0.25965816408254794,0.007472822662012095,NA,NA,0,0,NA,0.007286545028190489,1.8627763382160647e-4,0,0.004525841880603816,0.06670613701424488,0.08634039425964983,0,0,None,NA,NA,05.30.19,H.BROWN,1,Environmental_Perturbation,TDY451,CNAG_00000,PBS,0,3,NA,NA,NA,NA,NA,06.11.19,H.BROWN,1,TRIzol,0,NA,NA,NA,NA,08.09.19,H.BROWN,1,E7490L,E7420L,False,random,08.09.19,H.BROWN,1,E7420L,FALSE,NA,08.09.19,H.BROWN,1,Index1_41,TTGCCCC,SIC_Index2_06,GACCTTGT,E7420L,False,3906,fullRNASeq,NA,NA,NA,NA,NA,NA,NextSeq,MidOutput,87.9,1.10013097512532,7735765
Brent_2d-2_GTAC_42_SIC_Index2_7_ACTCCAA_GAGTTGGT_S29_R1_001,7246147,6851248,6692360,0.9235749702566068,0.021010890339376226,6659728,0.9951239921343144,6659680,0.9951168197765812,8.663610445343642e-4,0.04048153416731915,0.20682715661949547,0.009943077334754594,NA,NA,0,0,NA,0.009801898857420364,1.411784773342302e-4,0,0.005388831443616303,0.03298083795429488,0.05449779034292294,0,0,None,NA,NA,06.06.19,H.BROWN,2,Environmental_Perturbation,TDY451,CNAG_00000,PBS,0,4,NA,NA,NA,NA,NA,06.12.19,H.BROWN,2,TRIzol,0,NA,NA,NA,NA,07.22.19,H.BROWN,2,E7490L,E7420L,0.0,random,07.22.19,H.BROWN,2,E7420L,FALSE,NA,07.22.19,H.BROWN,2,Index1_42,ACTCCAA,SIC_Index2_07,GAGTTG,E7420L,False,3906,fullRNASeq,NA,NA,NA,NA,NA,NA,NextSeq,HighOutput,205,0.760539087223748,7246147
Brent_4a_GTAC_31_SIC_Index2_07_TGCCCAT_GAGTTGGT_S58_R1_001,7397239,6903331,6733690,0.9102977475785222,0.03285401485608347,6681637,0.9922697659084396,6681544,0.992255954758832,4.63341793281247e-4,0.04944569767839031,0.3461852785323644,0.009392288122636028,NA,NA,0,0,NA,0.009095420602200359,2.9686752043566524e-4,0,0.0049034036315898115,0.049261623154260664,0.06676923646782265,0,0,None,NA,NA,09.10.19,H.BROWN,31,Timecourse,TDY451,CNAG_00000,DMEM.37C.CO2,90,1,NA,NA,NA,NA,NA,10.15.19,H.BROWN,31,TRIzol,0,NA,NA,NA,NA,10.23.19,H.BROWN,31,E7490L,E7420L,False,random,10.23.19,H.BROWN,31,E7420L,FALSE,NA,10.23.19,H.BROWN,31,Index1_31,TGCCCAT,SIC_Index2_07,GAGTTGGT,E7420L,False,3993,fullRNASeq,NA,NA,NA,NA,NA,NA,NextSeq,HighOutput,27.5,1.1051342654888,7397239
Brent_4a_GTAC_27_SIC_Index2_07_TGTTTGT_GAGTTGGT_S54_R1_001,12984367,12310126,12053276,0.9282913830146668,0.02083967589640681,12016833,0.9969765066360382,12016752,0.9969697864713296,7.59959367063361e-4,0.03723643265117301,0.27189309169126563,0.008304447956531109,NA,NA,0,0,NA,0.008080794389129634,2.2365356740147596e-4,0,0.0045483070328763715,0.03126667630389683,0.0519271366867557,0,0,None,NA,NA,09.10.19,H.BROWN,27,Timecourse,TDY451,CNAG_00000,DMEM.37C.CO2,0,1,NA,NA,NA,NA,NA,10.15.19,H.BROWN,27,TRIzol,0,NA,NA,NA,NA,10.23.19,H.BROWN,27,E7490L,E7420L,False,random,10.23.19,H.BROWN,27,E7420L,FALSE,NA,10.23.19,H.BROWN,27,Index1_27,TGTTTGT,SIC_Index2_07,GAGTTGGT,E7420L,False,3993,fullRNASeq,NA,NA,NA,NA,NA,NA,NextSeq,HighOutput,31.1,1.09749360910992,12984367
Brent_4a_GTAC_1_SIC_Index2_07_TGAGGTT_GAGTTGGT_S28_R1_001,14700309,14144378,13814521,0.9397435795397228,0.011160921855452154,13784308,0.9978129534856836,13784233,0.997807524415794,9.909138362452089e-4,0.030355015566591124,0.2678203669742765,0.010477943014667243,NA,NA,0,0,NA,0.010073393695329806,4.0454931933743706e-4,0,0.005381728400137797,0.01511709719843304,0.03781764043191201,0,0,None,NA,NA,09.10.19,H.BROWN,1,Environmental_Perturbation,TDY451,CNAG_00000,PBS,0,1,NA,NA,NA,NA,NA,10.15.19,H.BROWN,1,TRIzol,0,NA,NA,NA,NA,10.23.19,H.BROWN,1,E7490L,E7420L,False,random,10.23.19,H.BROWN,1,E7420L,FALSE,NA,10.23.19,H.BROWN,1,Index1_1,TGAGGTT,SIC_Index2_07,GAGTTGGT,E7420L,False,3993,fullRNASeq,NA,NA,NA,NA,NA,NA,NextSeq,HighOutput,NA,0.494769706255975,14700309
Brent_3a_GTAC_10_SIC_Index2_06_GGCAGCG_GACCTTGT_S11_R1_001,6109941,5798509,5646286,0.9241146518436104,0.02883923101712439,5618333,0.9950493120610612,5618298,0.9950431132960676,6.568919817380841e-4,0.032966094880776495,0.23180942247153544,0.011705186678562036,NA,NA,0,0,NA,0.011343644725865602,3.6154195269643357e-4,0,0.004441149456474574,0.03311210370116503,0.050971359625240235,0,0,None,NA,NA,07.17.19,H.BROWN,10,Environmental_Perturbation,TDY451,CNAG_00000,DMEM.37C.CO2,90,1,NA,NA,NA,NA,NA,08.12.19,H.BROWN,10,TRIzol,0,NA,NA,NA,NA,08.19.19,H.BROWN,10,E7490L,E7420L,False,random,08.19.19,H.BROWN,10,E7420L,FALSE,NA,08.19.19,H.BROWN,10,Index1_10,GGCAGCG,SIC_Index2_06,GACCTT,E7420L,False,3993,fullRNASeq,NA,NA,NA,NA,NA,NA,NextSeq,MidHighput,19,0.927028512538647,6109941
Brent_4a_GTAC_28_SIC_Index2_07_TACATGG_GAGTTGGT_S55_R1_001,6129292,5713546,5553283,0.9060235668328414,0.023765550735713032,5480673,0.9869248514797464,5480621,0.9869154876493779,9.030694095726796e-4,0.058387443967829473,0.2271143680922633,0.014297899333234571,0,NA,0.7673267326732673,0,NA,0.008626444946659418,0.005671454386575154,0,0.005263012888051986,0.0443720090346487,0.06782936756806496,0,0,None,NA,NA,09.10.19,H.BROWN,28,Timecourse,TDY1441,CNAG_03894,DMEM.37C.CO2,0,1,NAT,NA,NA,NA,NA,10.15.19,H.BROWN,28,TRIzol,0,NA,NA,NA,NA,10.23.19,H.BROWN,28,E7490L,E7420L,False,random,10.23.19,H.BROWN,28,E7420L,FALSE,NA,10.23.19,H.BROWN,28,Index1_28,TACATGG,SIC_Index2_07,GAGTTGGT,E7420L,False,3993,fullRNASeq,NA,NA,NA,NA,NA,NA,NextSeq,HighOutput,10.4,0.91014502529511,6129292
Brent_3a_GTAC_1_SIC_Index2_06_TGAGGTT_GACCTTGT_S2_R1_001,8367714,7845898,7629919,0.9118283679389616,0.0259897745071115,7491828,0.9819013806044335,7491679,0.9818818522188768,9.943749075186775e-4,0.05704634610144616,0.3248454595677772,0.012841380572997595,NA,NA,0,0,NA,0.011974477139156527,8.669034338410705e-4,0,0.005037930284712066,0.04051883226410463,0.06236063995495065,0,0,None,NA,NA,07.17.19,H.BROWN,1,Environmental_Perturbation,TDY451,CNAG_00000,PBS,0,1,NA,NA,NA,NA,NA,08.12.19,H.BROWN,1,TRIzol,0,NA,NA,NA,NA,08.19.19,H.BROWN,1,E7490L,E7420L,False,random,08.19.19,H.BROWN,1,E7420L,FALSE,NA,08.19.19,H.BROWN,1,Index1_1,TGAGGTT,SIC_Index2_06,GACCTT,E7420L,False,3993,fullRNASeq,NA,NA,NA,NA,NA,NA,NextSeq,MidHighput,4.7,1.69031005324147,8367714
Brent_3a_GTAC_2_SIC_Index2_06_GCTTAGA_GACCTTGT_S3_R1_001,6768054,6458713,6215060,0.9182935006133224,0.0200364831604476,6064870,0.9758345052179704,6064769,0.9758182543692258,9.536512921838245e-4,0.05114592618574881,0.3072911048129007,0.02050308700255642,NA,NA,0,0,NA,0.014168326671152446,0.0063347603314039755,0,0.006422142344563045,0.02385456735422028,0.0457060478536371,0,0,None,NA,NA,07.17.19,H.BROWN,2,Environmental_Perturbation,TDY451,CNAG_00000,PBS,0,1,NA,NA,NA,NA,NA,08.12.19,H.BROWN,2,TRIzol,0,NA,NA,NA,NA,08.19.19,H.BROWN,2,E7490L,E7420L,False,random,08.19.19,H.BROWN,2,E7420L,FALSE,NA,08.19.19,H.BROWN,2,Index1_2,GCTTAGA,SIC_Index2_06,GACCTT,E7420L,False,3993,fullRNASeq,NA,NA,NA,NA,NA,NA,NextSeq,MidHighput,10,1.23287168776922,6768054
Brent_large_JR2-1_GTAC_53_SIC_Index2_09_TAGGTAA_TGTGAGGT_S54_R1_001,5844319,5489274,5363810,0.9177818664586926,0.024549139087034776,5328927,0.9934966003642932,5328895,0.9934906344557322,8.357865025047494e-4,0.04633441527570887,0.15107818716145754,0.010659753514481328,NA,NA,0,0,NA,0.008920799839981355,0.0017389536744999714,0,0.005305743492032716,0.044106764192714316,0.06075044842692536,0,0,None,NA,NA,09.13.19,H.BROWN,27,Timecourse,TDY451,CNAG_00000,DMEM.37C.CO2,0,2,NA,NA,NA,NA,NA,10.17.19,H.BROWN,27,TRIzol,0,NA,NA,NA,NA,10.29.19,H.BROWN,27,E7490L,E7420L,False,random,10.29.19,H.BROWN,27,E7420L,FALSE,NA,10.29.19,H.BROWN,27,Index1_53,TAGGTAA,SIC_Index2_09,TGTGAGGT,E7420L,False,4011,fullRNASeq,NA,NA,NA,NA,NA,NA,NextSeq,HighOutput,2.2,0.7,5844319
Brent_large_JR2-10_GTAC_62_SIC_Index2_09_GGGTCAA_TGTGAGGT_S63_R1_001,43674917,41017726,38968698,0.8922443516034615,0.03187497757580169,37582761,0.9644346085157888,37582258,0.9644217007198956,9.960815216356472e-4,0.07312410078468623,0.4553356902588042,0.028384415704785424,0.034106412005457026,NA,0.7079207920792079,0,NA,0.02327477806082608,0.005109614747522016,2.2896437330378904e-8,0.006564037628354943,0.03666937707059638,0.060840207206346836,0,0,None,NA,NA,09.13.19,H.BROWN,36,Timecourse,TDY1441,CNAG_03894,DMEM.37C.CO2,1440,2,NAT,NA,NA,NA,NA,10.17.19,H.BROWN,36,TRIzol,0,NA,NA,NA,NA,10.29.19,H.BROWN,36,E7490L,E7420L,False,random,10.29.19,H.BROWN,36,E7420L,FALSE,NA,10.29.19,H.BROWN,36,Index1_62,GGGTCAA,SIC_Index2_09,TGTGAGGT,E7420L,False,4011,fullRNASeq,NA,NA,NA,NA,NA,NA,NextSeq,HighOutput,3.61,12.3,43674917
Brent_large_4b-1_GTAC_27_SIC_Index2_09_TGTTTGT_TGTGAGGT_S28_R1_001,7231560,6568817,6410971,0.8865266968676192,0.03941708289774267,6307145,0.9838049493594652,6307106,0.9837988660376096,6.866354566258372e-4,0.07774703707129545,0.1765148394773575,0.010198491058637415,NA,NA,0,0,NA,0.00995967675024476,2.3881430839265663e-4,0,0.004621452818925557,0.07481497768116423,0.09164592425424113,0,0,None,NA,NA,09.13.19,H.BROWN,1,Environmental_Perturbation,TDY451,CNAG_00000,PBS,0,2,NA,NA,NA,NA,NA,10.17.19,H.BROWN,1,TRIzol,0,NA,NA,NA,NA,10.29.19,H.BROWN,1,E7490L,E7420L,False,random,10.29.19,H.BROWN,1,E7420L,FALSE,NA,10.29.19,H.BROWN,1,Index1_27,TGTTTGT,SIC_Index2_09,TGTGAGGT,E7420L,False,4011,fullRNASeq,NA,NA,NA,NA,NA,NA,NextSeq,HighOutput,3,2.2,7231560
Brent_large_JR2-2_GTAC_54_SIC_Index2_09_TCGAGAT_TGTGAGGT_S55_R1_001,6132196,5715884,5579816,0.9099213397614818,0.027693015683125592,5543687,0.9935250553064832,5543653,0.99351896191559,9.310342850015127e-4,0.05146406261425108,0.1479461078040058,0.010807058352342294,0,NA,0.8201320132013201,0,NA,0.008682207809404657,0.002124850542937636,0,0.005536562495967609,0.05038798498939042,0.06788954560486977,0,0,None,NA,NA,09.13.19,H.BROWN,28,Timecourse,TDY1441,CNAG_03894,DMEM.37C.CO2,0,2,NAT,NA,NA,NA,NA,10.17.19,H.BROWN,28,TRIzol,0,NA,NA,NA,NA,10.29.19,H.BROWN,28,E7490L,E7420L,False,random,10.29.19,H.BROWN,28,E7420L,FALSE,NA,10.29.19,H.BROWN,28,Index1_54,TCGAGAT,SIC_Index2_09,TGTGAGGT,E7420L,False,4011,fullRNASeq,NA,NA,NA,NA,NA,NA,NextSeq,HighOutput,1.3,0.8,6132196
Brent_small_3d-2_GTAC_2_SIC_Index2_09_GCTTAGA_TGTGAGGT_S3_R1_001,4241983,3994950,3828453,0.9025149322852072,0.02380490445152656,3746974,0.9787175133141244,3746942,0.9787091548466182,0.0014191110613085756,0.059454824180942015,0.14583067729734855,0.022876329301649723,NA,NA,0,0,NA,0.020911446368361213,0.0019648829332885114,0,0.0064621401908290365,0.035521830238357865,0.05823526402628205,0,0,None,NA,NA,07.31.19,H.BROWN,2,Environmental_Perturbation,TDY451,CNAG_00000,PBS,0,3,NA,NA,NA,NA,NA,08.08.19,H.BROWN,2,TRIzol,0,NA,NA,NA,NA,08.22.19,H.BROWN,2,E7490L,E7420L,False,random,08.22.19,H.BROWN,2,E7420L,FALSE,NA,08.22.19,H.BROWN,2,Index1_2,GCTTAGA,SIC_Index2_09,CTCACA,E7420L,False,4011,fullRNASeq,NA,NA,NA,NA,NA,NA,NextSeq,HighOutput,NA,3.9,4241983
Brent_large_3d-10_GTAC_10_SIC_Index2_09_GGCAGCG_TGTGAGGT_S11_R1_001,7093565,6692042,6504596,0.9169713677114398,0.029784741522774518,6427441,0.9881383870727714,6427314,0.9881188624166666,5.637552278419751e-4,0.04492269773557036,0.4059514002621712,0.013168272934695037,NA,NA,0,0,NA,0.012900565512545526,2.677074221495116e-4,0,0.004467764024083894,0.03992505883853887,0.05660383742166315,0,0,None,NA,NA,07.31.19,H.BROWN,10,Environmental_Perturbation,TDY451,CNAG_00000,DMEM.37C.CO2,90,3,NA,NA,NA,NA,NA,08.08.19,H.BROWN,10,TRIzol,0,NA,NA,NA,NA,08.22.19,H.BROWN,10,E7490L,E7420L,False,random,08.22.19,H.BROWN,10,E7420L,FALSE,NA,08.22.19,H.BROWN,10,Index1_10,GGCAGCG,SIC_Index2_09,CTCACA,E7420L,False,4011,fullRNASeq,NA,NA,NA,NA,NA,NA,NextSeq,HighOutput,8.28,5.9,7093565
Brent_large_4b-2_GTAC_28_SIC_Index2_09_TACATGG_TGTGAGGT_S29_R1_001,10213502,9284244,9075756,0.8886037325884892,0.03938795919362428,9006587,0.9923787065231808,9006534,0.9923728667892788,7.040735780027581e-4,0.06692059592611348,0.1968805061669069,0.009390216989236404,NA,NA,0,0,NA,0.008614870785750078,7.753462034863263e-4,0,0.005205626947220704,0.07411679167439336,0.0909832885919051,0,0,None,NA,NA,09.13.19,H.BROWN,2,Environmental_Perturbation,TDY451,CNAG_00000,PBS,0,2,NA,NA,NA,NA,NA,10.17.19,H.BROWN,2,TRIzol,0,NA,NA,NA,NA,10.29.19,H.BROWN,2,E7490L,E7420L,False,random,10.29.19,H.BROWN,2,E7420L,FALSE,NA,10.29.19,H.BROWN,2,Index1_28,TACATGG,SIC_Index2_09,TGTGAGGT,E7420L,False,4011,fullRNASeq,NA,NA,NA,NA,NA,NA,NextSeq,HighOutput,13,0.6,10213502
Brent_small_JR4_10_GTAC_36_SIC_Index2_07_TGGCATA_GAGTTGGT_S37_R1_001,11737498,10256872,9308715,0.7930748955186191,0.056359881807860585,9137221,0.9815770490341578,9137053,0.98155900143038,0.0010339772997669386,0.10675254318130913,0.1816732699807458,0.06952324933303503,0,NA,0.768976897689769,0,NA,0.06911353680315856,4.097125298764693e-4,0,0.0035913657255593283,0.10419954917138216,0.12614494162214127,0,0,None,NA,NA,09.19.19,H.BROWN,36,Timecourse,TDY1441,CNAG_03894,DMEM.37C.CO2,1440,4,NAT,NA,NA,NA,NA,10.18.19,H.BROWN,36,TRIzol,0,NA,NA,NA,NA,11.10.19,H.BROWN,36,E7490L,E7420L,False,random,11.10.19,H.BROWN,36,E7420L,FALSE,NA,11.10.19,H.BROWN,36,Index1_36,TGGCATA,SIC_Index2_07,GAGTTGGT,E7420L,False,4058,fullRNASeq,NA,NA,NA,NA,NA,NA,NextSeq,HighOutput,0.505,7.20808049682374,11737498
Brent_large_4d_2_GTAC_2_SIC_Index2_07_GCTTAGA_GAGTTGGT_S3_R1_001,14443344,13382198,13075106,0.9052686136950002,0.03422967700554664,12638722,0.9666248212442792,12638588,0.9666145727613986,8.081770044541131e-4,0.07605307368062637,0.27253544377866473,0.008978876359934376,NA,NA,0,0,NA,0.008389331445681832,5.895449142525442e-4,0,0.003746891229791942,0.0557599403573023,0.07346955109564655,0,0,None,NA,NA,09.19.19,H.BROWN,2,Environmental_Perturbation,TDY451,CNAG_00000,PBS,0,4,NA,NA,NA,NA,NA,10.18.19,H.BROWN,2,TRIzol,0,NA,NA,NA,NA,11.10.19,H.BROWN,2,E7490L,E7420L,False,random,11.10.19,H.BROWN,2,E7420L,FALSE,NA,11.10.19,H.BROWN,2,Index1_2,GCTTAGA,SIC_Index2_07,GAGTTGGT,E7420L,False,4058,fullRNASeq,NA,NA,NA,NA,NA,NA,NextSeq,HighOutput,9.62,1.43959626949881,14443344
Brent_large_JR2_5_GTAC_40_SIC_Index2_07_GTACGGC_GAGTTGGT_S41_R1_001,9564020,8671557,8391045,0.8773554425858583,0.04712652211099517,8188577,0.9758709433687938,8188494,0.97586105187137,4.627552348962495e-4,0.08351141008062762,0.2746087863304861,0.01407002494766845,NA,NA,0,0,NA,0.01284020736050322,0.0012298175871652294,0,0.005947769318362612,0.07814193194911763,0.0933146312952085,0,0,None,NA,NA,09.13.19,H.BROWN,31,Timecourse,TDY451,CNAG_00000,DMEM.37C.CO2,90,2,NA,NA,NA,NA,NA,10.17.19,H.BROWN,31,TRIzol,0,NA,NA,NA,NA,11.10.19,H.BROWN,40,E7490L,E7420L,False,random,11.10.19,H.BROWN,40,E7420L,FALSE,NA,11.10.19,H.BROWN,40,Index1_40,GTACGGC,SIC_Index2_07,GAGTTGGT,E7420L,False,4058,fullRNASeq,NA,NA,NA,NA,NA,NA,NextSeq,HighOutput,39.3,1.70075223713647,9564020
Brent_small_JR4_1_GTAC_27_SIC_Index2_07_TGTTTGT_GAGTTGGT_S28_R1_001,11995527,10808633,10257483,0.8551089918767221,0.05506919370862155,9281233,0.9048255795305732,9281146,0.904817097917686,7.900573659249544e-4,0.15435892021463746,0.2511049109696738,0.0213988097396638,NA,NA,0,0,NA,0.013093630650825095,0.008305179088838698,0,0.00811807341040682,0.07825742045347403,0.09894471497584058,0,0,None,NA,NA,09.19.19,H.BROWN,27,Timecourse,TDY451,CNAG_00000,DMEM.37C.CO2,0,4,NA,NA,NA,NA,NA,10.18.19,H.BROWN,27,TRIzol,0,NA,NA,NA,NA,11.10.19,H.BROWN,27,E7490L,E7420L,False,random,11.10.19,H.BROWN,27,E7420L,FALSE,NA,11.10.19,H.BROWN,27,Index1_27,TGTTTGT,SIC_Index2_07,GAGTTGGT,E7420L,False,4058,fullRNASeq,NA,NA,NA,NA,NA,NA,NextSeq,HighOutput,1.79,1.58666830154026,11995527
Brent_large_4d_1_GTAC_1_SIC_Index2_07_TGAGGTT_GAGTTGGT_S2_R1_001,14269297,13128611,12757603,0.8940596723160223,0.03915126302297864,12085246,0.9472975448444352,12085107,0.9472866493807652,7.655826882212905e-4,0.09946931253465092,0.2932104365052124,0.010561697608508674,NA,NA,0,0,NA,0.009893269444177944,6.684281643307302e-4,0,0.004084701491338146,0.059492629524776165,0.07993988771836483,0,0,None,NA,NA,09.19.19,H.BROWN,1,Environmental_Perturbation,TDY451,CNAG_00000,PBS,0,4,NA,NA,NA,NA,NA,10.18.19,H.BROWN,1,TRIzol,0,NA,NA,NA,NA,11.10.19,H.BROWN,1,E7490L,E7420L,False,random,11.10.19,H.BROWN,1,E7420L,FALSE,NA,11.10.19,H.BROWN,1,Index1_1,TGAGGTT,SIC_Index2_07,GAGTTGGT,E7420L,False,4058,fullRNASeq,NA,NA,NA,NA,NA,NA,NextSeq,HighOutput,2.02,1.34069992415055,14269297
Brent_large_JR4_5_GTAC_31_SIC_Index2_07_TGCCCAT_GAGTTGGT_S32_R1_001,8961473,8562152,8284318,0.9244370875189828,0.027311581477732508,8095826,0.9772471312665688,8095751,0.9772380780168024,5.049299169829066e-4,0.04902467529614387,0.2747522122736649,0.014388259608660315,NA,NA,0,0,NA,0.012372184795959326,0.0020160748127009925,0,0.0057002881830465705,0.02646149801489108,0.044559750389249635,0,0,None,NA,NA,09.19.19,H.BROWN,31,Timecourse,TDY451,CNAG_00000,DMEM.37C.CO2,90,4,NA,NA,NA,NA,NA,10.18.19,H.BROWN,31,TRIzol,0,NA,NA,NA,NA,11.10.19,H.BROWN,31,E7490L,E7420L,False,random,11.10.19,H.BROWN,31,E7420L,FALSE,NA,11.10.19,H.BROWN,31,Index1_31,TGCCCAT,SIC_Index2_07,GAGTTGGT,E7420L,False,4058,fullRNASeq,NA,NA,NA,NA,NA,NA,NextSeq,HighOutput,28.9,1.17429139635465,8961473
Brent_large_JR4_2_GTAC_28_SIC_Index2_07_TACATGG_GAGTTGGT_S29_R1_001,13990957,12797033,12470951,0.8913579678645285,0.039001334933700386,12065872,0.9675181948834536,12065736,0.9675072895403084,0.002620569995022833,0.08107400951218556,0.3006036148241132,0.011365841521777244,0,NA,0.801980198019802,0,NA,0.007911896234117508,0.003453945287659736,0,0.004517859143220112,0.06900921788266523,0.08533540629136377,0,0,None,NA,NA,09.19.19,H.BROWN,28,Timecourse,TDY1441,CNAG_03894,DMEM.37C.CO2,0,4,NAT,NA,NA,NA,NA,10.18.19,H.BROWN,28,TRIzol,0,NA,NA,NA,NA,11.10.19,H.BROWN,28,E7490L,E7420L,False,random,11.10.19,H.BROWN,28,E7420L,FALSE,NA,11.10.19,H.BROWN,28,Index1_28,TACATGG,SIC_Index2_07,GAGTTGGT,E7420L,False,4058,fullRNASeq,NA,NA,NA,NA,NA,NA,NextSeq,HighOutput,4.97,2.26900601114661,13990957
Brent_5b-1_GTAC_1_SIC_Index2_07_TGAGGTT_GAGTTGGT_S28_R1_001,1168788,1102795,1074100,0.9189861634445254,0.02136058891775069,1068524,0.9948086770319338,1068520,0.9948049529838936,0.0010148030909598734,0.04251559445116842,0.07927531896949072,0.012696057796623509,NA,NA,0,0,NA,0.01006769405572268,0.0026283637409008306,0,0.005377525370077275,0.0356386273644151,0.0564627631358296,0,0,None,NA,NA,11.19.19,H.BROWN,1,Environmental_Perturbation,TDY451,CNAG_00000,PBS,0,1,NA,NA,NA,NA,NA,12.06.19,H.BROWN,1,TRIzol,0,NA,NA,NA,NA,01.06.20,H.BROWN,1,E7490L,E7420L,False,random,01.06.20,H.BROWN,1,E7420L,FALSE,NA,01.06.20,H.BROWN,1,Index1_1,TGAGGTT,SIC_Index2_07,GAGTTG,E7420L,False,4144,fullRNASeq,NA,NA,NA,NA,NA,NA,NextSeq,HighOutput,22.5,1,1168788
Brent_5a-1_GTAC_1_SIC_Index2_08_TGAGGTT_AAGCACGT_S2_R1_001,7398727,6720537,6501386,0.8787168387210395,0.03622907021707924,6382329,0.9816874432620982,6382258,0.9816765225138148,9.750228643553852e-4,0.08333838353852548,0.2484885112141925,0.014879586718093531,NA,NA,0,0,NA,0.0125229650992664,0.0023566216188271307,0,0.006154226191153703,0.07022356683791685,0.09166306582199883,0,0,None,NA,NA,11.14.19,H.BROWN,1,Environmental_Perturbation,TDY451,CNAG_00000,PBS,0,1,NA,NA,NA,NA,NA,11.25.19,H.BROWN,1,TRIzol,0,NA,NA,NA,NA,12.19.19,H.BROWN,1,E7490L,E7420L,0.0,random,12.19.19,H.BROWN,1,E7420L,FALSE,NA,12.19.19,H.BROWN,1,Index1_1,TGAGGTT,SIC_Index2_08,AAGCACGT,E7420L,False,4144,fullRNASeq,NA,NA,NA,NA,NA,NA,NextSeq,HighOutput,28,0.967550218694314,7398727
Brent_5a-2_GTAC_2_SIC_Index2_08_GCTTAGA_AAGCACGT_S3_R1_001,7738807,7121967,6945561,0.8974976375557628,0.03777662370957177,6955890,1.0014871368921818,6955816,1.0014764826052207,5.672687922545061e-4,0.04819221946218599,0.22014533828908786,0.011378756441399818,NA,NA,0,0,NA,0.010110085443402323,0.001268670997997495,0,0.0046480046752163,0.059949421144628624,0.07970737608522864,0,0,None,NA,NA,11.14.19,H.BROWN,2,Environmental_Perturbation,TDY451,CNAG_00000,PBS,0,1,NA,NA,NA,NA,NA,11.25.19,H.BROWN,2,TRIzol,0,NA,NA,NA,NA,12.19.19,H.BROWN,2,E7490L,E7420L,0.0,random,12.19.19,H.BROWN,2,E7420L,FALSE,NA,12.19.19,H.BROWN,2,Index1_2,GCTTAGA,SIC_Index2_08,AAGCACGT,E7420L,False,4144,fullRNASeq,NA,NA,NA,NA,NA,NA,NextSeq,HighOutput,49.2,0.97852754454229,7738807
Brent_5b-2_GTAC_2_SIC_Index2_07_GCTTAGA_GAGTTGGT_S29_R1_001,8305631,7844765,7677352,0.9243550550223096,0.02167649875126887,7592061,0.9888905706029892,7591999,0.988882494901888,0.0011373713228206804,0.0460004960043515,0.2005262220217256,0.008536256908114506,NA,NA,0,0,NA,0.00781975505533535,7.165018527791568e-4,0,0.00500445987105971,0.03603783987032412,0.055488378908237074,0,0,None,NA,NA,11.19.19,H.BROWN,2,Environmental_Perturbation,TDY451,CNAG_00000,PBS,0,1,NA,NA,NA,NA,NA,12.06.19,H.BROWN,2,TRIzol,0,NA,NA,NA,NA,01.06.20,H.BROWN,2,E7490L,E7420L,False,random,01.06.20,H.BROWN,2,E7420L,FALSE,NA,01.06.20,H.BROWN,2,Index1_2,GCTTAGA,SIC_Index2_07,GAGTTG,E7420L,False,4144,fullRNASeq,NA,NA,NA,NA,NA,NA,NextSeq,HighOutput,18.8,1,8305631
Brent_6a-1_GTAC1_SIC_Index2_07_TGAGGTT_GAGTTGGT_S2_R1_001,7130292,6728272,6574046,0.9219883281077408,0.023351778580736945,6575287,1.0001887726371248,6575228,1.0001797979509115,6.762958458154992e-4,0.036881701162419615,0.19889459868522133,0.01045651426337098,NA,NA,0,0,NA,0.01017686232204796,2.7965194132302014e-4,0,0.004647822665068057,0.03571200169642422,0.056381982673360365,0,0,None,NA,NA,01.16.20,H.BROWN,1,Environmental_Perturbation,TDY451,CNAG_00000,PBS,0,1,NA,NA,NA,NA,NA,02.10.20,H.BROWN,1,TRIzol,0,NA,NA,NA,NA,02.20.20,H.BROWN,1,E7490L,E7420L,False,random,02.20.20,H.BROWN,1,E7420L,FALSE,NA,02.20.20,H.BROWN,1,Index1_1,TGAGGTT,SIC_Index2_07,GAGTTG,E7420L,False,4267,fullRNASeq,NA,NA,NA,NA,NA,NA,NextSeq,HighOutput,26.2,1,7130292
Brent_6c-1_GTAC1_SIC_Index2_08_TGAGGTT_AAGCACGT_S28_R1_001,9761671,8985878,8197680,0.8397824511807456,0.03213230603653821,7830207,0.9551735369031238,7830144,0.9551658518019732,0.0011958261361751134,0.10615759580759436,0.26887338308701664,0.05194387313401568,NA,NA,0.06930693069306931,0,NA,0.016233183847314658,0.035710689286701014,0,0.017835655941681062,0.052247509673292614,0.07947338114550265,0,0,None,NA,NA,01.29.20,H.BROWN,1,Environmental_Perturbation,TDY451,CNAG_00000,PBS,0,2,NA,NA,NA,NA,NA,02.18.20,H.BROWN,1,TRIzol,0,NA,NA,NA,NA,02.25.20,H.BROWN,1,E7490L,E7420L,0.0,random,02.25.20,H.BROWN,1,E7420L,FALSE,NA,02.25.20,H.BROWN,1,Index1_1,TGAGGTT,SIC_Index2_08,GTGCTT,E7420L,False,4267,fullRNASeq,NA,NA,NA,NA,NA,NA,NextSeq,HighOutput,14,1,9761671
Brent_6a-2_GTAC2_SIC_Index2_07_GCTTAGA_GAGTTGGT_S3_R1_001,7465391,7029625,6858475,0.9187027176473408,0.024912827740703736,6858258,0.9999683603133348,6858202,0.9999601952329052,6.829506559402782e-4,0.03836479683894743,0.1988451555538121,0.01103934140890946,NA,NA,0.052805280528052806,0,NA,0.010532603047851077,5.067383610583826e-4,0,0.0051158603042221465,0.038111466633160944,0.05837149052206375,0,0,None,NA,NA,01.16.20,H.BROWN,2,Environmental_Perturbation,TDY451,CNAG_00000,PBS,0,1,NA,NA,NA,NA,NA,02.10.20,H.BROWN,2,TRIzol,0,NA,NA,NA,NA,02.20.20,H.BROWN,2,E7490L,E7420L,False,random,02.20.20,H.BROWN,2,E7420L,FALSE,NA,02.20.20,H.BROWN,2,Index1_2,GCTTAGA,SIC_Index2_07,GAGTTG,E7420L,False,4267,fullRNASeq,NA,NA,NA,NA,NA,NA,NextSeq,HighOutput,33.4,5,7465391
Brent_large_6d_1_GTAC_1_SIC_Index2_10_TGAGGTTATC_GCTTCTGT_S2_R1_001,3544230,3289018,3128764,0.8827767949596951,0.024838399313814284,3020343,0.9653470188227683,3020312,0.9653371107568356,0.001760119970697694,0.08760104629176249,0.16483359321623892,0.028723305203104763,NA,NA,0,0,NA,0.02735460170474264,0.0013687034983621267,0,0.006660777227045568,0.044309483301027304,0.07200774216120286,0,0,None,-0.9015819548425374,-0.9015819548425374,02.05.20,H.BROWN,1,Environmental_Perturbation,TDY451,CNAG_00000,PBS,0,3,NA,NA,NA,NA,NA,03.03.20,H.BROWN,1,Trizol,0,NA,NA,NA,NA,05.25.20,H.BROWN,1,NEBNextPoly(A)E7490L,E7420L,False,random,05.25.20,H.BROWN,1,E7420L,FALSE,NA,05.25.20,H.BROWN,1,Index1_1,TGAGGTT,SIC_Index2_10,GCTTCT,E7420L,False,4422,fullRNASeq,NA,NA,NA,NA,NA,NA,NextSeq,HighOutput,62.6,1,3544230
Brent_large_6e_1_GTAC_27_SIC_Index2_06_TGTTTGTATC_GACCTTGT_S28_R1_001,4467050,4146685,4032698,0.9027653596892804,0.028574114908048936,4030195,0.999379323718265,4030165,0.9993718845299102,6.911005981603384e-4,0.04848862969654559,0.13790710902333062,0.012608992511836671,NA,NA,0,0,NA,0.011165758162545752,0.0014432343492909192,0,0.005937216225960883,0.046507650462833415,0.07171735261526063,0,0,None,-0.9015819548425374,-0.9015819548425374,02.12.20,H.BROWN,1,Environmental_Perturbation,TDY451,CNAG_00000,PBS,0,4,NA,NA,NA,NA,NA,03.06.20,H.BROWN,1,Trizol,0,NA,NA,NA,NA,06.01.20,H.BROWN,1,NEBNextPoly(A)E7490L,E7420L,False,random,06.01.20,H.BROWN,1,E7420L,FALSE,NA,06.01.20,H.BROWN,1,Index1_27,TGTTTGT,SIC_Index2_06,AAGCAC,E7420L,False,4422,fullRNASeq,NA,NA,NA,NA,NA,NA,NextSeq,HighOutput,59.1,1,4467050
Brent_large_6d_2_GTAC_2_SIC_Index2_10_GCTTAGAATC_GCTTCTGT_S3_R1_001,3804111,3172352,2898753,0.7620053673512681,0.0652020932091624,2424078,0.8362485523947711,2424010,0.836225094031813,0.0013178080367661543,0.31061873847133575,0.2005879237807569,0.04308891091768879,NA,NA,0,0,NA,0.04035502644376045,0.002733884473928337,0,0.008625778050078775,0.14345717041379707,0.16607270397735502,0,0,None,-0.9015819548425374,-0.9015819548425374,02.05.20,H.BROWN,2,Environmental_Perturbation,TDY451,CNAG_00000,PBS,0,3,NA,NA,NA,NA,NA,03.03.20,H.BROWN,2,Trizol,0,NA,NA,NA,NA,05.25.20,H.BROWN,2,NEBNextPoly(A)E7490L,E7420L,False,random,05.25.20,H.BROWN,2,E7420L,FALSE,NA,05.25.20,H.BROWN,2,Index1_2,GCTTAGA,SIC_Index2_10,GCTTCT,E7420L,False,4422,fullRNASeq,NA,NA,NA,NA,NA,NA,NextSeq,HighOutput,9.17,1,3804111
Brent_large_6e_2_GTAC_28_SIC_Index2_06_TACATGGATC_GACCTTGT_S29_R1_001,4090923,3809187,3628870,0.8870540951271877,0.015873923806436836,3506514,0.9662826169027824,3506473,0.9662713186198458,0.0017798929143231915,0.08902716272558675,0.17770065738933727,0.027076285718406336,NA,NA,0,0,NA,0.018651536584775613,0.008424749133630723,0,0.007525483139379476,0.0389212898898366,0.06886856584687612,0,0,None,-0.9015819548425374,-0.9015819548425374,02.12.20,H.BROWN,2,Environmental_Perturbation,TDY451,CNAG_00000,PBS,0,4,NA,NA,NA,NA,NA,03.06.20,H.BROWN,2,Trizol,0,NA,NA,NA,NA,06.01.20,H.BROWN,2,NEBNextPoly(A)E7490L,E7420L,False,random,06.01.20,H.BROWN,2,E7420L,FALSE,NA,06.01.20,H.BROWN,2,Index1_28,TACATGG,SIC_Index2_06,AAGCAC,E7420L,False,4422,fullRNASeq,NA,NA,NA,NA,NA,NA,NextSeq,HighOutput,11.2,1,4090923
Brent_Exp26_8_GTAC_66_universal_GACACAGATC_AGATCTCG_S26_R1_001,8225970,7606992,7346915,0.8931366148916177,0.03791139525186695,7206333,0.9808651658553283,7206131,0.9808376713219086,0.001218198386669779,0.06376690080122065,0.28758454366850056,0.014991301937643827,0.059572532969531605,NA,0.806930693069307,0,NA,0.011678014872410184,0.0033132870652336443,0,0.006336128837750267,0.05413477073220544,0.07524680979872282,0,0,None,7.741039462745463,-1.8600831852591857,08.21.20,H.BROWN,8,24hourinduction,TDY1441,CNAG_03894,DMEM.37C.CO2,1440,4,NAT,NA,NA,NA,NA,08.26.20,H.BROWN,8,Trizol,0,NA,NA,NA,NA,08.27.20,H.BROWN,8,E7490L,E7420L,0.0,random,08.27.20,H.BROWN,8,E7420L,FALSE,NA,08.27.20,H.BROWN,8,Index1_66,GACACAG,universal,GACCTT,E7420L,False,4588,fullRNASeq,NA,NA,NA,NA,NA,NA,NextSeq,HighOutput,50.7,1,8225970
Brent_Exp26_2_GTAC_60_universal_CTGCAATATC_AGATCTCG_S20_R1_001,7004200,6548184,6321813,0.9025745980982839,0.041117329602238656,6127657,0.9692879242078183,6127379,0.9692439494809479,0.001353409219791854,0.06404792422680013,0.26468706175406254,0.012292767196824763,NA,NA,0,0,NA,0.009624225464721168,0.002668541732103595,0,0.006573588937224179,0.0463449073413095,0.06510607920961708,0,0,None,-1.8600831852591884,-1.8600831852591884,08.21.20,H.BROWN,2,24hourinduction,TDY451,CNAG_00000,DMEM.37C.CO2,1440,2,NAT,NA,NA,NA,NA,08.26.20,H.BROWN,2,Trizol,0,NA,NA,NA,NA,08.27.20,H.BROWN,2,E7490L,E7420L,0.0,random,08.27.20,H.BROWN,2,E7420L,FALSE,NA,08.27.20,H.BROWN,2,Index1_60,CTGCAAT,universal,GACCTT,E7420L,False,4588,fullRNASeq,NA,NA,NA,NA,NA,NA,NextSeq,HighOutput,119,1,7004200
Brent_Exp26_1_GTAC_59_universal_AGTTATGATC_AGATCTCG_S19_R1_001,7432288,6974377,6763844,0.9100621504441163,0.03301419428310636,6634168,0.9808280616761711,6633901,0.9807885870815471,0.002212055748181064,0.0516156197570494,0.26841736213947376,0.012346534472291709,NA,NA,0,0,NA,0.0097100650566824109,0.002636469415609298,0,0.005712432161356767,0.04192127646291425,0.06161104090691857,0,0,None,-1.8600831852591857,-1.8600831852591857,08.21.20,H.BROWN,1,24hourinduction,TYD451,CNAG_00000,DMEM.37C.CO2,1440,1,NAT,NA,NA,NA,NA,08.26.20,H.BROWN,1,Trizol,0,NA,NA,NA,NA,08.27.20,H.BROWN,1,E7490L,E7420L,0.0,random,08.27.20,H.BROWN,1,E7420L,FALSE,NA,08.27.20,H.BROWN,1,Index1_59,AGTTATG,universal,GACCTT,E7420L,False,4588,fullRNASeq,NA,NA,NA,NA,NA,NA,NextSeq,HighOutput,94.2,1,7432288
Brent_Exp26_4_GTAC_62_universal_GGGTCAAATC_AGATCTCG_S22_R1_001,7357291,6975148,6750533,0.9175296994505179,0.02493852696597158,6642971,0.9840661470731275,6642809,0.9840421489680888,0.0016438701951386654,0.04743032883477497,0.26197218435668357,0.013951602566759966,NA,NA,0,0,NA,0.010444197463441367,0.0035074051033185992,0,0.006134034157006565,0.0287234798786673,0.0519407211159651,0,0,None,-1.8600831852591857,-1.8600831852591857,08.21.20,H.BROWN,4,24hourinduction,TDY451,CNAG_00000,DMEM.37C.CO2,1440,4,NAT,NA,NA,NA,NA,08.26.20,H.BROWN,4,Trizol,0,NA,NA,NA,NA,08.27.20,H.BROWN,4,E7490L,E7420L,0.0,random,08.27.20,H.BROWN,4,E7420L,FALSE,NA,08.27.20,H.BROWN,4,Index1_62,GGGTCAA,universal,GACCTT,E7420L,False,4588,fullRNASeq,NA,NA,NA,NA,NA,NA,NextSeq,HighOutput,35.2,1,7357291
Brent_Exp26_5_GTAC_63_universal_GCAACGCATC_AGATCTCG_S23_R1_001,8315277,7867447,7577448,0.9112682596142017,0.030194544330874366,7431570,0.980748399725079,7431024,0.9806763438033491,0.001221519435039343,0.04956220088874249,0.3005521285881003,0.01657828115647861,0.034106412005457026,NA,0.8646864686468647,0,NA,0.009744954978649538,0.006833326177829073,0,0.006959335121798262,0.03404637031334013,0.05385629366285693,0,0,None,7.5145547282354626,-1.8600831852591857,08.21.20,H.BROWN,5,24hourinduction,TDY1441,CNAG_03894,DMEM.37C.CO2,1440,1,NAT,NA,NA,NA,NA,08.26.20,H.BROWN,5,Trizol,0,NA,NA,NA,NA,08.27.20,H.BROWN,5,E7490L,E7420L,0.0,random,08.27.20,H.BROWN,5,E7420L,FALSE,NA,08.27.20,H.BROWN,5,Index1_63,GCAACGC,universal,GACCTT,E7420L,False,4588,fullRNASeq,NA,NA,NA,NA,NA,NA,NextSeq,HighOutput,21,1,8315277
Brent_Exp26_3_GTAC_61_universal_CAAGCCGATC_AGATCTCG_S21_R1_001,13956454,13075586,12624544,0.9045667330684427,0.031090418812686947,12308907,0.9749981464677061,12308660,0.9749785814046036,0.0014627062965600975,0.06206941019018192,0.3767350044294508,0.015456218320212283,NA,NA,0,0,NA,0.010998209143955908,0.0044579375248182665,7.165143810884914e-8,0.006285454745929833,0.039342514939683104,0.06311545898406572,0,0,None,-1.8600831852591857,-1.8600831852591857,08.21.20,H.BROWN,3,24hourinduction,TYD451,CNAG_00000,DMEM.37C.CO2,1440,3,NAT,NA,NA,NA,NA,08.26.20,H.BROWN,3,Trizol,0,NA,NA,NA,NA,08.27.20,H.BROWN,3,E7490L,E7420L,0.0,random,08.27.20,H.BROWN,3,E7420L,FALSE,NA,08.27.20,H.BROWN,3,Index1_61,CAAGCCG,universal,GACCTT,E7420L,False,4588,fullRNASeq,NA,NA,NA,NA,NA,NA,NextSeq,HighOutput,24,1,13956454
Brent_Exp26_6_GTAC_64_universal_TGATTACATC_AGATCTCG_S24_R1_001,7600411,7217764,7015087,0.9229878489465899,0.024523015926375562,6927888,0.987569790652632,6927629,0.9875328702266986,0.0017559297553971889,0.04260118228041933,0.26177808941933334,0.01011879489148679,0,NA,0.834983498349835,0,NA,0.008821101911462419,0.0012976929800243696,0,0.005833284747573338,0.027296944862587037,0.05034556683842492,0,0,None,7.560411645735779,-1.8600831852591857,08.21.20,H.BROWN,6,24hourinduction,TDY1441,CNAG_03894,DMEM.37C.CO2,1440,2,NAT,NA,NA,NA,NA,08.26.20,H.BROWN,6,Trizol,0,NA,NA,NA,NA,08.27.20,H.BROWN,6,E7490L,E7420L,0.0,random,08.27.20,H.BROWN,6,E7420L,FALSE,NA,08.27.20,H.BROWN,6,Index1_64,TGATTAC,universal,GACCTT,E7420L,False,4588,fullRNASeq,NA,NA,NA,NA,NA,NA,NextSeq,HighOutput,143,1,7600411
Brent_Exp26_7_GTAC_65_universal_TGCTGGGATC_AGATCTCG_S25_R1_001,9388582,8889060,8610616,0.9171370074841972,0.03015524602117764,8467166,0.9833403324454372,8466251,0.9832340682710737,0.001322205054783537,0.04676088214826907,0.3131527719208779,0.011298085269958765,0,NA,0.8498349834983498,0.05157232704402516,NA,0.008142550174243566,0.0031555350957151998,0,0.006338687034702279,0.03320639900679357,0.05320526571531249,0,0,None,7.537616017987026,-1.3453648859155487,08.21.20,H.BROWN,7,24hourinduction,TDY1441,CNAG_03894,DMEM.37C.CO2,1440,3,NAT,NA,NA,NA,NA,08.26.20,H.BROWN,7,Trizol,0,NA,NA,NA,NA,08.27.20,H.BROWN,7,E7490L,E7420L,0.0,random,08.27.20,H.BROWN,7,E7420L,FALSE,NA,08.27.20,H.BROWN,7,Index1_65,TGCTGGG,universal,GACCTT,E7420L,False,4588,fullRNASeq,NA,NA,NA,NA,NA,NA,NextSeq,HighOutput,81.5,1,9388582
